{"cameraMode":{"drawMode":0,"name":"Shaded","section":"Shading Mode"},"sceneLighting":true,"audioPlay":false,"sceneViewState":{"m_AlwaysRefresh":false,"showFog":true,"showSkybox":true,"showFlares":true,"showImageEffects":true,"showParticleSystems":true,"showVisualEffectGraphs":true,"m_FxEnabled":true},"in2DMode":false,"pivot":{"x":-0.9493002891540527,"y":1.1440011262893677,"z":1.538404941558838},"rotation":{"x":-0.13483572006225587,"y":0.030313845723867418,"z":-0.004122438374906778,"w":-0.9904067516326904},"size":7.405974864959717,"orthographic":true}