{"cameraMode":{"drawMode":0,"name":"Shaded","section":"Shading Mode"},"sceneLighting":true,"audioPlay":false,"sceneViewState":{"m_AlwaysRefresh":false,"showFog":true,"showSkybox":true,"showFlares":true,"showImageEffects":true,"showParticleSystems":true,"showVisualEffectGraphs":true,"m_FxEnabled":true},"in2DMode":false,"pivot":{"x":2.7043137550354006,"y":-1.0678627490997315,"z":2.21933650970459},"rotation":{"x":-0.14965876936912538,"y":0.32749658823013308,"z":-0.05261559411883354,"w":-0.9314510822296143},"size":3.6380186080932619,"orthographic":false}