{"cameraMode":{"drawMode":0,"name":"Shaded","section":"Shading Mode"},"sceneLighting":true,"audioPlay":false,"sceneViewState":{"m_AlwaysRefresh":false,"showFog":true,"showSkybox":true,"showFlares":true,"showImageEffects":true,"showParticleSystems":true,"showVisualEffectGraphs":true,"m_FxEnabled":true},"in2DMode":false,"pivot":{"x":0.020537376403808595,"y":0.5620629787445068,"z":-0.6622767448425293},"rotation":{"x":-0.1179298684000969,"y":-0.18447472155094148,"z":0.022307459264993669,"w":-0.975493311882019},"size":4.59804630279541,"orthographic":true}