{"cameraMode":{"drawMode":0,"name":"Shaded","section":"Shading Mode"},"sceneLighting":true,"audioPlay":false,"sceneViewState":{"m_AlwaysRefresh":false,"showFog":true,"showSkybox":true,"showFlares":true,"showImageEffects":true,"showParticleSystems":true,"showVisualEffectGraphs":true,"m_FxEnabled":true},"in2DMode":false,"pivot":{"x":-2.490274429321289,"y":-2.9835054874420168,"z":0.2598385810852051},"rotation":{"x":-0.13483572006225587,"y":0.030313845723867418,"z":-0.004122438374906778,"w":-0.9904067516326904},"size":4.59804630279541,"orthographic":true}