{"cameraMode":{"drawMode":0,"name":"Shaded","section":"Shading Mode"},"sceneLighting":true,"audioPlay":false,"sceneViewState":{"m_AlwaysRefresh":false,"showFog":true,"showSkybox":true,"showFlares":true,"showImageEffects":true,"showParticleSystems":true,"showVisualEffectGraphs":true,"m_FxEnabled":true},"in2DMode":false,"pivot":{"x":-0.006304681301116943,"y":0.032504767179489139,"z":0.023927390575408937},"rotation":{"x":-0.10274037718772888,"y":0.8701480627059937,"z":-0.2049417942762375,"w":-0.4362184405326843},"size":1.2430665493011475,"orthographic":false}