{"cameraMode":{"drawMode":0,"name":"Shaded","section":"Shading Mode"},"sceneLighting":true,"audioPlay":false,"sceneViewState":{"m_AlwaysRefresh":false,"showFog":true,"showSkybox":true,"showFlares":true,"showImageEffects":true,"showParticleSystems":true,"showVisualEffectGraphs":true,"m_FxEnabled":true},"in2DMode":false,"pivot":{"x":-2.7770519256591799,"y":1.0317354202270508,"z":-0.5847609043121338},"rotation":{"x":-0.05493973195552826,"y":-0.2815854549407959,"z":0.016212884336709977,"w":-0.9579114317893982},"size":8.80622673034668,"orthographic":true}