{"cameraMode":{"drawMode":0,"name":"Shaded","section":"Shading Mode"},"sceneLighting":true,"audioPlay":false,"sceneViewState":{"m_AlwaysRefresh":false,"showFog":true,"showSkybox":true,"showFlares":true,"showImageEffects":true,"showParticleSystems":true,"showVisualEffectGraphs":true,"m_FxEnabled":true},"in2DMode":false,"pivot":{"x":0.8491759300231934,"y":0.022841453552246095,"z":-0.13805317878723145},"rotation":{"x":-0.0183027945458889,"y":-0.020401258021593095,"z":0.0004925534012727439,"w":-0.9997131824493408},"size":5.417281150817871,"orthographic":true}