{"cameraMode":{"drawMode":0,"name":"Shaded","section":"Shading Mode"},"sceneLighting":true,"audioPlay":false,"sceneViewState":{"m_AlwaysRefresh":false,"showFog":true,"showSkybox":true,"showFlares":true,"showImageEffects":true,"showParticleSystems":true,"showVisualEffectGraphs":true,"m_FxEnabled":true},"in2DMode":false,"pivot":{"x":4.055372714996338,"y":7.285626411437988,"z":-7.570795059204102},"rotation":{"x":-0.10511468350887299,"y":0.0065625072456896309,"z":-0.0006821427377872169,"w":-0.9944548010826111},"size":5.451581001281738,"orthographic":true}