{"cameraMode":{"drawMode":0,"name":"Shaded","section":"Shading Mode"},"sceneLighting":true,"audioPlay":false,"sceneViewState":{"m_AlwaysRefresh":false,"showFog":true,"showSkybox":true,"showFlares":true,"showImageEffects":true,"showParticleSystems":true,"showVisualEffectGraphs":true,"m_FxEnabled":true},"in2DMode":false,"pivot":{"x":-4.738593578338623,"y":2.9125068187713625,"z":1.7824854850769044},"rotation":{"x":-0.13483572006225587,"y":0.030313845723867418,"z":-0.004122438374906778,"w":-0.9904067516326904},"size":5.6182684898376469,"orthographic":true}